<?xml version="1.0" encoding="UTF-8"?>
<!DOCTYPE suite SYSTEM "http://testng.org/testng-1.0.dtd">
<suite name="EOTMREGLogged">
	<test name="Login_TC">
		<parameter name="browsertype" value="chrome" />
		<classes>
			<class name="testCases.LoginABCMF">
				<methods>
					<include name="testLoginInitiate" />
				</methods>
			</class>
		</classes>
	</test>
	<test name="eOTMRegister_LoggedinSession">
		<classes>
			<class name="testCases.eOTM_Registration_Logged">
			</class>
		</classes>
	</test>
</suite> <!-- Suite -->