<?xml version="1.0" encoding="UTF-8"?>
<!DOCTYPE suite SYSTEM "http://testng.org/testng-1.0.dtd">
<suite name="Suite"  parallel="tests" thread-count="2">
    <test name="eOTMRegister_TC1">
        <!-- This parameter will be passed this test only -->
        <parameter name="browsertype" value="ff" />
        <classes>
             <class name="testCases.eOTM_Registration_NonLogged">
                <methods>
                    <include name="testNonLoginEOTMSuccess" />
                </methods>
            </class>
        </classes>
    </test>
     <test name="eOTMRegister_TC2">
        <!-- This parameter will be passed this test only -->
        <parameter name="browsertype" value="ff" />
        <classes>
             <class name="testCases.eOTM_Registration_NonLogged">
                <methods>
                    <include name="testNonLoginEOTMFailure" />
                </methods>
            </class>
        </classes>
    </test>
</suite> <!-- Suite -->