<?xml version="1.0" encoding="UTF-8"?>
<!DOCTYPE suite SYSTEM "http://testng.org/testng-1.0.dtd">
<suite name="Suite">
	<test name="eOTMRegister_TC1_NetBanking_Success">
		<!-- This parameter will be passed this test only -->
		<parameter name="browsertype" value="chrome" />
		<classes>
			<class name="testCases.eOTM_Registration_NonLogged">
				<methods>
					<include name="testNonLoginEOTMNBSuccess" />
				</methods>
			</class>
		</classes>
	</test>
	<test name="eOTMRegister_TC2_NetBanking_Failure">
		<!-- This parameter will be passed this test only -->
		<parameter name="browsertype" value="chrome" />
		<classes>
			<class name="testCases.eOTM_Registration_NonLogged">
				<methods>
					<include name="testNonLoginEOTMNBFailure" />
				</methods>
			</class>
		</classes>
	</test>
	<test name="eOTMRegister_TC3_NetBanking_Reject">
		<!-- This parameter will be passed this test only -->
		<parameter name="browsertype" value="chrome" />
		<classes>
			<class name="testCases.eOTM_Registration_NonLogged">
				<methods>
					<include name="testNonLoginEOTMNBReject" />
				</methods>
			</class>
		</classes>
	</test>
	<test name="eOTMRegister_TC4_Aadhar_Success">
		<!-- This parameter will be passed this test only -->
		<parameter name="browsertype" value="chrome" />
		<classes>
			<class name="testCases.eOTM_Registration_NonLogged">
				<methods>
					<include name="testNonLoginEOTMAadhaarSuccess" />
				</methods>
			</class>
		</classes>
	</test>
	<test name="eOTMRegister_TC5_Aadhar_Failure">
		<!-- This parameter will be passed this test only -->
		<parameter name="browsertype" value="chrome" />
		<classes>
			<class name="testCases.eOTM_Registration_NonLogged">
				<methods>
					<include name="testNonLoginEOTMAadhaarFailure" />
				</methods>
			</class>
		</classes>
	</test>
	<test name="eOTMRegister_TC6_Aadhar_Reject">
		<!-- This parameter will be passed this test only -->
		<parameter name="browsertype" value="chrome" />
		<classes>
			<class name="testCases.eOTM_Registration_NonLogged">
				<methods>
					<include name="testNonLoginEOTMAadhaarReject" />
				</methods>
			</class>
		</classes>
	</test>
</suite> <!-- Suite -->