<?xml version="1.0" encoding="UTF-8"?>
<!DOCTYPE suite SYSTEM "http://testng.org/testng-1.0.dtd">
<suite name="Suite">
	<test name="Purchase">
		<classes>
			<class name="src.com.WebPagesLogged.BrowserStart" />
		    <class name="src.com.WebPagesLogged.LoginABC" />
		</classes>
	</test> <!-- Test -->
	<test name="LoggedPurchase">
		<classes>
			<class name="src.com.WebPagesLogged.LoggedPurchase" />
		</classes>
	</test> <!-- Test -->
	<test name="GotoDashboard1">
		<classes>
			<class name="src.com.WebPagesLogged.GotoDashboard" />
		</classes>
	</test> <!-- Test -->
	<test name="BrowserStop">
		<classes>
			<class name="src.com.WebPagesLogged.BrowserStop" />
		</classes>
	</test> <!-- Test -->
</suite> <!-- Suite -->


    
      
  

      