<?xml version="1.0" encoding="UTF-8"?>
<!DOCTYPE suite SYSTEM "http://testng.org/testng-1.0.dtd">
<suite name="Suite">
	<test name="BrowserStart">
			<classes>
			<class name="src.com.WebPagesLogged.BrowserStart" />
		</classes>
	</test> <!-- Test -->
	<test name="LoginABC">
		<classes>
			<class name="src.com.WebPagesLogged.LoginABC" />
		</classes>
	</test> <!-- Test -->
	<test name="LoggedPurchase">
		<classes>
		  <class name="src.com.WebPagesLogged.LoggedPurchase"/>
		</classes>
	</test> <!-- Test -->
	<test name="GotoDashboard3.5">
		<classes>
			<class name="src.com.WebPagesLogged.GotoDashboard"/>
		</classes>
	</test> <!-- Test -->
	<test name="Switch">
		<classes>
			<class name="src.com.WebPagesLogged.Switch" />
		</classes>
	</test> <!-- Test -->
	<test name="GotoDashboard4">
		<classes>
			<class name="src.com.WebPagesLogged.GotoDashboard"/>
		</classes>
	</test> <!-- Test -->
	<test name="Logged_iSIP">
		<classes>
			 <class name="src.com.WebPagesLogged.Logged_iSIP"/>
		</classes>
	</test> <!-- Test -->
	<test name="GotoDashboard5">
		<classes>
			<class name="src.com.WebPagesLogged.GotoDashboard"/>
		</classes>
	</test> <!-- Test -->
	<test name="Logged_cSIP">
		<classes>
			 <class name="src.com.WebPagesLogged.Logged_cSIP"/>
		</classes>
	</test> <!-- Test -->
	<test name="GotoDashboard6">
		<classes>
			<class name="src.com.WebPagesLogged.GotoDashboard"/>
		</classes>
	</test> <!-- Test -->
	<test name="Logged_iSIPNoFirstInstallment">
		<classes>
			 <class name="src.com.WebPagesLogged.Logged_iSIPNoFirstInstallment"/>
		</classes>
	</test> <!-- Test -->
	<test name="GotoDashboard6.5">
		<classes>
			<class name="src.com.WebPagesLogged.GotoDashboard"/>
		</classes>
	</test> <!-- Test -->
	<test name="STP">
		<classes>
			 <class name="src.com.WebPagesLogged.STP"/>  
		</classes>
	</test> <!-- Test -->
	<test name="GotoDashboard7">
		<classes>
			<class name="src.com.WebPagesLogged.GotoDashboard"/>
		</classes>
	</test> <!-- Test -->	
	<test name="DownloadMySchemes">
		<classes>
		 <class name="src.com.WebPagesLogged.DownloadMySchemes"/>
		</classes>
	</test> <!-- Test -->
	<test name="GotoDashboard8">
		<classes>
			<class name="src.com.WebPagesLogged.GotoDashboard"/>
		</classes>
	</test> <!-- Test -->	
	<test name="MyProfile">
		<classes>
	 <class name="src.com.WebPagesLogged.MyProfile"/>
		</classes>
	</test> <!-- Test -->
	<test name="BrowserStop">
		<classes>
	 <class name="src.com.WebPagesLogged.BrowserStop"/>
		</classes>
	</test> <!-- Test -->
</suite> <!-- Suite -->


    
      
  

      