<?xml version="1.0" encoding="UTF-8"?>
<!DOCTYPE suite SYSTEM "http://testng.org/testng-1.0.dtd">
<suite name="Suite">
	<test name="BrowserStart">
		<classes>
			<class name="src.com.WebPagesLogged.BrowserStart" />
		</classes>
	</test> <!-- Test -->
	<test name="LoginABC">
		<classes>
			<class name="src.com.WebPagesLogged.LoginABC" />
		</classes>
	</test> <!-- Test -->
	<test name="RequestStatement">
		<classes>
			<class name="src.com.WebPagesLogged.RequestStatement"/>
		</classes>
	</test> <!-- Test -->
	<test name="GotoDashboard0">
		<classes>
			<class name="src.com.WebPagesLogged.GotoDashboard"/>
		</classes>
	</test> <!-- Test -->
    <test name="CapitalGainStatement">
		<classes>
			<class name="src.com.WebPagesLogged.CapitalGainStatement"/>
		</classes>
	</test> <!-- Test -->
	<test name="GotoDashboard1">
		<classes>
			<class name="src.com.WebPagesLogged.GotoDashboard"/>
		</classes>
	</test> <!-- Test -->
	 <test name="InvestInNewScheme">
		<classes>
		<class name="src.com.WebPagesLogged.InvestInNewScheme"/>
		</classes>
	</test> <!-- Test -->
	<test name="GotoDashboard2">
		<classes>
			<class name="src.com.WebPagesLogged.GotoDashboard"/>
		</classes>
	</test> <!-- Test -->
	<test name="Logged_Start_A_SIP">
		<classes>
		  <class name="src.com.WebPagesLogged.Logged_Start_A_SIP"/>
		</classes>
	</test> <!-- Test -->
	<test name="GotoDashboard3">
		<classes>
			<class name="src.com.WebPagesLogged.GotoDashboard"/>
		</classes>
	</test> <!-- Test -->
	<test name="ExitLoadSummary">
		<classes>
		  <class name="src.com.WebPagesLogged.ExitLoadSummary"/>
		</classes>
	</test> <!-- Test -->
	<test name="LoggedPurchase">
		<classes>
			<class name="src.com.WebPagesLogged.LoggedPurchase" />
		</classes>
	</test> <!-- Test -->
	<test name="Dashboard5">
		<classes>
			<class name="src.com.WebPagesLogged.GotoDashboard" />
		</classes>
	</test> <!-- Test -->
	<test name="Switch">
		<classes>
			<class name="src.com.WebPagesLogged.Switch" />
		</classes>
	</test> <!-- Test -->
	<test name="Dashboard11">
		<classes>
			<class name="src.com.WebPagesLogged.GotoDashboard" />
		</classes>
	</test> <!-- Test -->
	<test name="Redeem">
		<classes>
			<class name="src.com.WebPagesLogged.Redeem" />
		</classes>
	</test> <!-- Test -->
	<test name="GotoDashboard12">
		<classes>
			<class name="src.com.WebPagesLogged.GotoDashboard" />
		</classes>
	</test> <!-- Test -->
	<test name="Logged_iSIP">
		<classes>
			<class name="src.com.WebPagesLogged.Logged_iSIP" />
		</classes>
	</test> <!-- Test -->
	<test name="Dashboard6">
		<classes>
			<class name="src.com.WebPagesLogged.GotoDashboard" />
		</classes>
	</test> <!-- Test -->
	<test name="Logged_iSIPNoFirstInstallment">
		<classes>
			<class
				name="src.com.WebPagesLogged.Logged_iSIPNoFirstInstallment" />
		</classes>
	</test> <!-- Test -->
	<test name="Dashboard7">
		<classes>
			<class name="src.com.WebPagesLogged.GotoDashboard" />
		</classes>
	</test> <!-- Test -->
	<test name="Logged_cSIP">
		<classes>
			<class name="src.com.WebPagesLogged.Logged_cSIP" />
		</classes>
	</test> <!-- Test -->
	<test name="Dashboard8">
		<classes>
			<class name="src.com.WebPagesLogged.GotoDashboard" />
		</classes>
	</test> <!-- Test -->
	<test name="STP">
		<classes>
			<class name="src.com.WebPagesLogged.STP" />
		</classes>
	</test> <!-- Test -->
	<test name="Dashboard9">
		<classes>
			<class name="src.com.WebPagesLogged.GotoDashboard" />
		</classes>
	</test> <!-- Test -->
	<test name="DownloadMySchemes">
		<classes>
			<class name="src.com.WebPagesLogged.DownloadMySchemes" />
		</classes>
	</test> <!-- Test -->
	<test name="Dashboard10">
		<classes>
			<class name="src.com.WebPagesLogged.GotoDashboard" />
		</classes>
	</test> <!-- Test -->
	<test name="SWP">
		<classes>
			<class name="src.com.WebPagesLogged.SWP" />
		</classes>
	</test> <!-- Test -->
	<test name="GotoDashboard13">
		<classes>
			<class name="src.com.WebPagesLogged.GotoDashboard" />
		</classes>
	</test> <!-- Test -->
	<test name="BrowserStop">
		<classes>
			<class name="src.com.WebPagesLogged.BrowserStop" />
		</classes>
	</test> <!-- Test -->
</suite> <!-- Suite -->


 
      
  