<?xml version="1.0" encoding="UTF-8"?>
<!DOCTYPE suite SYSTEM "http://testng.org/testng-1.0.dtd">
<suite name="Suite">
	<test name="BrowserStart">
			<classes>
			<class name="src.com.WebPagesLogged.BrowserStart" />
		</classes>
	</test> <!-- Test -->
	<test name="LoginABC">
		<classes>
			<class name="src.com.WebPagesLogged.LoginABC" />
		</classes>
	</test> <!-- Test -->
	<test name="LoggedPurchase">
		<classes>
		  <class name="src.com.WebPagesLogged.LoggedPurchase"/>
		</classes>
	</test> <!-- Test -->
	<test name="GotoDashboard3.5">
		<classes>
			<class name="src.com.WebPagesLogged.GotoDashboard"/>
		</classes>
	</test> <!-- Test -->
</suite> <!-- Suite -->
