<?xml version="1.0" encoding="UTF-8"?>
<!DOCTYPE suite SYSTEM "http://testng.org/testng-1.0.dtd">
<suite name="Suite">
	<test name="BrowserStart">
		<classes>
			<class name="src.com.WebPagesLogged.BrowserStart" />
		</classes>
	</test> <!-- Test -->
	<test name="NonLoginInitialise0">
		<classes>
			<class name="src.com.WebPagesNonLogged.NonLoggedInitialisation" />
		</classes>
	</test> <!-- Test -->
	<test name="NonLoginPurchase">
		<classes>
			<class name="src.com.WebPagesNonLogged.Nonlogged_Purchase" />
		</classes>
	</test> <!-- Test -->
	<test name="NonLoginInitialise1">
		<classes>
			<class name="src.com.WebPagesNonLogged.NonLoggedInitialisation" />
		</classes>
	</test> <!-- Test -->
	<test name="Nonlogged_iSIP">
		<classes>
			<class name="src.com.WebPagesNonLogged.Nonlogged_iSIP" />
		</classes>
	</test> <!-- Test -->
	<test name="NonLoginInitialise2">
		<classes>
			<class name="src.com.WebPagesNonLogged.NonLoggedInitialisation" />
		</classes>
	</test> <!-- Test -->
	<test name="Nonlogged_cSIP">
		<classes>
			<class name="src.com.WebPagesNonLogged.Nonlogged_cSIP" />
		</classes>
	</test> <!-- Test -->
	<test name="NonLoginInitialise3">
		<classes>
			<class name="src.com.WebPagesNonLogged.NonLoggedInitialisation" />
		</classes>
	</test> <!-- Test -->
	<test name="Nonlogged_iSIPNoFirstInstallment">
		<classes>
			<class
				name="src.com.WebPagesNonLogged.Nonlogged_iSIPNoFirstInstallment" />
		</classes>
	</test> <!-- Test -->
	<test name="BrowserStop">
		<classes>
			<class name="src.com.WebPagesLogged.BrowserStop" />
		</classes>
	</test> <!-- Test -->
</suite> <!-- Suite -->






      
     
    
      