<?xml version="1.0" encoding="UTF-8"?>
<!DOCTYPE suite SYSTEM "http://testng.org/testng-1.0.dtd">
<suite name="Suite">
	<test name="BrowserStart">
		<classes>
			<class name="src.com.WebPagesLogged.BrowserStart" />
		</classes>
	</test> <!-- Test -->
	<test name="NonLoggedInitialisation">
		<classes>
			<class name="src.com.WebPagesNonLogged.NonLoggedInitialisation" />
		</classes>
	</test> <!-- Test -->
	<test name="Nonlogged_Purchase">
		<classes>
			<class name="src.com.WebPagesNonLogged.Nonlogged_Purchase" />
		</classes>
	</test> <!-- Test -->
</suite> <!-- Suite -->
