<?xml version="1.0" encoding="UTF-8"?>
<!DOCTYPE suite SYSTEM "http://testng.org/testng-1.0.dtd">	
<suite thread-count="2" name="TestParallel Suite" parallel="tests">     
  	<test name="Login InvestInNewScheme" preserve-order="true">
		<classes>
			<class name="src.com.WebPagesLogged.BrowserStart" />
			<class name="src.com.WebPagesLogged.LoginABC" />
			<class name="src.com.WebPagesLogged.InvestInNewScheme" />
		</classes>
	</test> 
    <test name="Login Purchase" preserve-order="true">
		<classes>
			<class name="src.com.WebPagesLogged.BrowserStart" />
			<class name="src.com.WebPagesLogged.LoginABC" />
            <class name="src.com.WebPagesLogged.LoggedPurchase"/>
		</classes>
		</test>	
</suite>