<?xml version="1.0" encoding="UTF-8"?>
<!DOCTYPE suite SYSTEM "http://testng.org/testng-1.0.dtd">
<suite name="Suite">
 <test name="Test">
		<groups>
			<run>
				<include name="Sanity" />
			</run>
		</groups>
    <classes>
      <class name="src.com.API.LiquidAppModule.GetLeadSummaryfromCRM"/>
      <class name="src.com.API.LiquidAppModule.GetLeadfromCRM"/>
      <class name="src.com.API.LiquidAppModule.Foliodetails"/>
      <class name="src.com.API.LiquidAppModule.SaveOTMRegistrationDetails"/>
      <class name="src.com.API.LiquidAppModule.ValidateARNNO"/>
      <class name="src.com.API.LiquidAppModule.GetOTMBanks"/>
      <class name="src.com.API.LiquidAppModule.ValidateInvestor"/>
      <class name="src.com.API.LiquidAppModule.LogoutUser"/>
      <class name="src.com.API.LiquidAppModule.UpdateInvestorPassword"/>
      <class name="src.com.API.LiquidAppModule.ForgotUserName"/>
      <class name="src.com.API.LiquidAppModule.GetLeadStatusMaster"/>
      <class name="src.com.API.LiquidAppModule.GetTransationForFolioNo"/>
      <class name="src.com.API.LiquidAppModule.ValidateFATCA"/>
      <class name="src.com.API.LiquidAppModule.GetInvestorAuthentication"/>
      <class name="src.com.API.LiquidAppModule.ValidateEmailIdAndPAN"/>
      <class name="src.com.API.LiquidAppModule.UpdateLeadStatus"/>
      <class name="src.com.API.LiquidAppModule.GetMultipleBankMandate"/>
      <class name="src.com.API.LiquidAppModule.SchemePerformance"/>
      <class name="src.com.API.LiquidAppModule.EKYCAppointmentBooking"/>
    </classes>
  </test> <!-- Test -->
</suite> <!-- Suite -->
