<?xml version="1.0" encoding="UTF-8"?>
<!DOCTYPE suite SYSTEM "http://testng.org/testng-1.0.dtd">
<suite name="Suite">
	<groups>
		<run>
			<include name="Sanity" />
		</run>
	</groups>
	<test name="Test">
		<classes>
			<class name="src.com.API.Reminder.SaveReminderDetails" />
			<class
				name="src.com.API.GetTransaction.GetCustomerDetailsByFolio" />
			<class name="src.com.API.RegistrationModule.ValidatePan" />
			<class name="src.com.API.GoalModule.GetGoalDetails" />
			<class name="src.com.API.LiquidAppModule.ValidateInvestor" />
			<class name="src.com.API.ProductModule.GetSchemeTrailingReturn" />
			<class name="src.com.API.Group.DeleteGroup" />
			<class
				name="src.com.API.LiquidAppModule.GetTransationForFolioNo" />
			<class name="src.com.API.SaveAdvisor.SaveSTPTransaction" />
			<class name="src.com.API.SaveAdvisor.SaveAdvisorMultRequest" />
			<class name="src.com.API.Transaction.GetMultiRedemptionDetails" />
			<class name="src.com.API.Dashboard.GetSchemeHistoricalReturn" />
			<class name="src.com.API.Others.CreateGroup" />
			<class name="src.com.API.RegistrationModule.GetStateCityList" />
			<class name="src.com.API.LiquidAppModule.GetLeadSummaryfromCRM" />
			<class name="src.com.API.Transaction.GetISIPBankIFSC" />
			<class name="src.com.API.GetTransaction.GetSWPAdvisorTran" />
			<class name="src.com.API.LoginModule.GenerateAuthCode" />
			<class name="src.com.API.LoginModule.ValidateIFA" />
			<class
				name="src.com.API.NotificationModule.UpdateNotificationDetailsRead" />
			<class name="src.com.API.GetTransaction.GetIRDetailsForFolio" />
			<class
				name="src.com.API.LiquidAppModule.SaveOTMRegistrationDetails" />
			<class name="src.com.API.Others.CheckAadharAvailable" />
			<class name="src.com.API.Note.UpdateNotesMasterList" />
			<class name="src.com.API.GetTransaction.GetAdvSwitchTrans" />
			<class name="src.com.API.LiquidAppModule.GetOTMBanks" />
			<class name="src.com.API.Others.GetCountryList" />
			<class
				name="src.com.API.SaveAdvisor.SavePrePurchaseMultiRequest" />
			<class name="src.com.API.Others.GetMasterDataByType" />
			<class
				name="src.com.API.NotificationModule.GetPushNotification" />
			<class name="src.com.API.Transaction.SendAdviseToInvestor" />
			<class name="src.com.API.GetTransaction.GetSTPAdvisorTran" />
			<class name="src.com.API.Transaction.SaveSWPAdvisorTran" />
			<class
				name="src.com.API.LiquidAppModule.GetInvestorAuthentication" />
			<class
				name="src.com.API.SaveAdvisor.SaveLaterPurchaseTransaction" />
			<class name="src.com.API.Transaction.SaveSWPTransaction" />
			<class name="src.com.API.EmpanelmentModule.SaveEmpanelmentData" />
			<class
				name="src.com.API.LiquidAppModule.GetMultipleBankMandate" />
			<class name="src.com.API.AadharSeedLink.SaveAadharLinkData" />
			<class name="src.com.API.GoalModule.DeleteGoalDetails" />
			<class name="src.com.API.Others.SubscribeEmailAlerts" />
			<class name="src.com.API.SaveAdvisor.SaveLaterSIPTransaction" />
			<class name="src.com.API.LiquidAppModule.Foliodetails" />
			<class name="src.com.API.LiquidAppModule.LogoutUser" />
			<class name="src.com.API.SaveAdvisor.SaveSTPAdvisorTran" />
			<class name="src.com.API.SaveAdvisor.SaveAdvisorRequest" />
			<class name="src.com.API.LiquidAppModule.ValidateFATCA" />
			<class name="src.com.API.Others.SentCallBack" />
			<class name="src.com.API.Dashboard.InvestmentReport" />
			<class
				name="src.com.API.RegistrationModule.GetFPurchaseBrachCity" />
			<class name="src.com.API.LiquidAppModule.UpdateLeadStatus" />
			<class name="src.com.API.Others.GetBranchMasterList" />
			<class name="src.com.API.LeadModule.DeleteLeadDetails" />
			<class name="src.com.API.ReportModule.IFABrokerageReport" />
			<class name="src.com.API.RegistrationModule.CheckKYCStatus" />
			<class name="src.com.API.ProductModule.FavouriteScheme" />
			<class name="src.com.API.Investor.GetLinkedCustomerofBroker" />
			<class name="src.com.API.AadharSeedLink.GetPanAadharLinkStatus" />
			<class name="src.com.API.Redumption.SaveSwitchTransaction" />
			<class name="src.com.API.Transaction.WithdrawalAmount" />
			<class name="src.com.API.Reminder.GetReminderDetails" />
			<class
				name="src.com.API.SaveAdvisor.SavePostSIPMultipleSchemes" />
			<class name="src.com.API.Dashboard.GetTransactionDetailsOfIFA" />
			<class name="src.com.API.Investor.GetCustomerListofBroker" />
			<class name="src.com.API.RegistrationModule.ValidateAdharOTP" />
			<class
				name="src.com.API.EmpanelmentModule.GetAdvEmpanelCityMaster" />
			<class name="src.com.API.ProductModule.GetSchemeHolding" />
			<class name="src.com.API.GoalModule.SaveGoalDetails" />
			<class name="src.com.API.LeadModule.GetLeadDetailsOfIFA" />
			<class name="src.com.API.GetTransaction.GetAdvSIPTran" />
			<class name="src.com.API.LiquidAppModule.GetLeadfromCRM" />
			<class name="src.com.API.Others.UnSubscribeEmailAlerts" />
			<class name="src.com.API.GetTransaction.GetAdvPurchaseTran" />
			<class name="src.com.API.RegistrationModule.GetBranchDetail" />
			<class name="src.com.API.LoginModule.LogoutIFAUser" />
			<class name="src.com.API.Transaction.SaveAdvRedeemAdvice" />
			<class name="src.com.API.Transaction.GetMultiSTPDetails" />
			<class
				name="src.com.API.EmpanelmentModule.GetAdvEmpanelStateMaster" />
			<class name="src.com.API.GoalModule.GetSIPGoalDetails" />
			<class name="src.com.API.SaveAdvisor.SavePreSIPMultipleSchemes" />
			<class name="src.com.API.Note.DeleteNoteAndReminder" />
			<class name="src.com.API.LoginModule.RegisterIFAwithEUIN" />
			<class name="src.com.API.Others.GetBrokerInformationDetails" />
			<class name="src.com.API.Note.GetNoteAndReminder" />
			<class
				name="src.com.API.Transaction.GetAdvMultiPurAndSIPDetails" />
			<class name="src.com.API.LiquidAppModule.SchemePerformance" />
			<class name="src.com.API.Others.UnSubscribeMobileAlerts" />
			<class name="src.com.API.Transaction.GetISIPBanks" />
			<class name="src.com.API.RegistrationModule.NewFolioCreation" />
			<class
				name="src.com.API.RegistrationModule.GetIfscPurchasebankDetails" />
			<class name="src.com.API.Dashboard.IFAChartTrend" />
			<class name="src.com.API.ProductModule.GetFocusedFundSchemes" />
			<class
				name="src.com.API.EmpanelmentModule.UpdateEmpanelmentData" />
			<class
				name="src.com.API.LiquidAppModule.UpdateInvestorPassword" />
			<class name="src.com.API.LiquidAppModule.ForgotUserName" />
			<class name="src.com.API.Others.PostQuery" />
			<class name="src.com.API.Others.CallBack" />
			<class
				name="src.com.API.GetTransaction.GetAccountStatementByFolio" />
			<class name="src.com.API.Others.GetNAVonDateRange" />
			<class name="src.com.API.Transaction.GetMultiSWPDetails" />
			<class name="src.com.API.LoginModule.validateIFAWithEUIN" />
			<class name="src.com.API.Dashboard.InvestorReport" />
			<class name="src.com.API.GetTransaction.GetIRAdvForTransNumber" />
			<class name="src.com.API.RegistrationModule.GetFPurchaseBranch" />
			<class name="src.com.API.Note.SaveNotesMasterList" />
			<class name="src.com.API.Redumption.IRWithdrawalAmount" />
			<class name="src.com.API.Transaction.GetISIPBankCity" />
			<class
				name="src.com.API.Transaction.SaveAdvSwitchAdviceMultiple" />
			<class name="src.com.API.Transaction.GetISIPBankBranch" />
			<class
				name="src.com.API.AadharSeedLink.GetPanAadharLinkStatusMultiple" />
			<class name="src.com.API.LoginModule.AuthenticateIFAwithEUIN" />
			<class name="src.com.API.Others.GetSubscrption" />
			<class name="src.com.API.LiquidAppModule.ValidateARNNO" />
			<class
				name="src.com.API.RegistrationModule.BranchBasedOnLocationRequest" />
			<class name="src.com.API.ProductModule.ProductDocuments" />
			<class name="src.com.API.Dashboard.SIPBookReport" />
			<class name="src.com.API.Dashboard.SalesReportOfIFA" />
			<class name="src.com.API.LoginModule.UnsubscribeIFA" />
			<class name="src.com.API.Others.ChangeMobile" />
			<class name="src.com.API.GoalModule.UpdateGoalDetails" />
			<class
				name="src.com.API.SaveAdvisor.SavePostPurchaseMultiRequest" />
			<class
				name="src.com.API.LiquidAppModule.EKYCAppointmentBooking" />
			<class name="src.com.API.Others.GetAccountStatement" />
			<class name="src.com.API.ReportModule.AUMReport" />
			<class name="src.com.API.ReportModule.IFABrokPerformanceReport" />
			<class name="src.com.API.Transaction.InvestorListOfIFA" />
			<class name="src.com.API.RegistrationModule.ValidateAadharno" />
			<class name="src.com.API.RegistrationModule.UpdateFatca" />
			<class name="src.com.API.Transaction.SaveAdvSwitchAdvice" />
			<class name="src.com.API.LoginModule.UpdateIFAWithEuinPassword" />
			<class name="src.com.API.ReportModule.ClientValueReport" />
			<class name="src.com.API.Others.GetSchemeMasterDetails" />
			<class
				name="src.com.API.Dashboard.GetTransactionDetailsOfIFAOffline" />
			<class name="src.com.API.ReportModule.IFAFinancialTransReport" />
			<class name="src.com.API.Group.CreateGroup" />
			<class name="src.com.API.Others.SubscribeMobileAlerts" />
			<class name="src.com.API.LiquidAppModule.GetLeadStatusMaster" />
			<class name="src.com.API.Redumption.UpdateAdvisorStatus" />
			<class name="src.com.API.Transaction.GetFPurchaseBanks" />
			<class name="src.com.API.AadharSeedLink.GetAadharLinkData" />
			<class name="src.com.API.LeadModule.CaptureLeadDetails" />
			<class name="src.com.API.ReportModule.IFATransactionReport" />
			<class
				name="src.com.API.ProductModule.GetSchemeHistoricalReturn" />
			<class name="src.com.API.LiquidAppModule.ValidateEmailIdAndPAN" />
			<class name="src.com.API.Reminder.UpdateReminderDetails" />
			<class name="src.com.API.RegistrationModule.GenerateOTP" />
		    <class name="src.com.API.MultiAdvisor.SaveAdvisorMultSTPTrans"/>
		</classes>
	</test> <!-- Test -->
</suite> <!-- Suite -->
